po_number,supplier,order_date,received_date,destination,was_partial,notes
"BBV001-US","BRAVA BATTERIES CO.,LTD","2025-04-28","2025-08-26","kentucky","false",""
"CIM002-US","Chuzhou Ice Maker Refrigeration Technology Co","2025-06-11","2025-08-11","kentucky","false",""
"BOL062-US","Bolin","2023-10-09","2024-02-13","kentucky","false",""
"BOL065-US","Bolin","2024-04-09","2024-08-23","kentucky","false",""
"BOL067-US","Bolin","2024-06-10","2024-10-12","kentucky","false",""
"BOL069-US","Bolin","2024-11-12","2025-04-08","kentucky","false",""
"BSF014","Blue sky filter","2025-05-15","2025-08-25","kentucky","false",""
"VL031-1","VELA","2022-10-10","2023-11-06","kentucky","false",""
"VL036-US","VELA","2023-07-25","2024-02-01","kentucky","false",""
"VL041-US","VELA","2024-03-18","2024-11-13","kentucky","false",""
"VL042-US","VELA","2024-04-15","2024-11-14","kentucky","false",""
"VL044-US","VELA","2024-06-10","2025-01-14","kentucky","false",""
"VL045-US","VELA","2024-07-15","2025-02-24","kentucky","false",""
"YWF059","Yunda","2023-02-10","2023-07-06","kentucky","false",""
"YWF060-US","Yunda","2023-06-09","2023-09-12","kentucky","false",""
"YWF061-US","Yunda","2023-10-09","2024-04-23","kentucky","false",""
"YWF061-US-2","Yunda","2023-10-09","2024-04-23","kentucky","false",""
"YWF065-US","Yunda","2024-07-09","2024-12-17","kentucky","false",""
"YWF066-US","Yunda","2024-08-09","2024-12-17","kentucky","false",""
"YWF069","Yunda","2025-04-10","2025-07-14","kentucky","false",""
"AMP004","Antanker Outdoors","2024-07-11","2025-02-25","burnaby","false",""
"BOL066","Bolin","2024-05-08","2024-08-23","burnaby","false",""
"BOL067-CA","Bolin","2024-06-10","2024-09-05","burnaby","false",""
"BOL068","Bolin","2024-10-10","2024-12-16","burnaby","false",""
"BOL069-CA","Bolin","2024-11-12","2025-03-13","burnaby","false",""
"BOL071-CA","Bolin","2025-05-12","2025-08-01","burnaby","false",""
"BOL072","Bolin","2025-06-10","2025-09-05","burnaby","false",""
"BSF011","Blue sky filter","2024-07-09","2024-10-13","burnaby","false",""
"BSF011-ADD","Blue sky filter","2024-09-01","2024-10-31","burnaby","false",""
"BSF012","Blue sky filter","2024-10-10","2025-02-25","burnaby","false",""
"BSF013","Blue sky filter","2025-04-15","2025-08-06","burnaby","false",""
"CIM001","Chuzhou Ice Maker Refrigeration Technology Co","2024-07-12","2024-11-26","burnaby","false",""
"CIM002","Chuzhou Ice Maker Refrigeration Technology Co","2025-05-12","2025-08-14","burnaby","false",""
"DBK131","King Power","2024-05-08","2024-08-08","burnaby","false",""
"DBK132","King Power","2024-06-10","2024-09-11","burnaby","false",""
"DBK133","King Power","2024-07-09","2024-09-26","burnaby","false",""
"VL042-CA-2","VELA","2024-04-15","2024-07-30","burnaby","false",""
"VL043-CA-1","VELA","2024-05-08","2024-08-27","burnaby","false",""
"VL043-CA-2","VELA","2024-05-08","2024-09-19","burnaby","false",""
"VL044-CA-1","VELA","2024-06-10","2024-10-15","burnaby","false",""
"VL044-CA-2","VELA","2024-06-10","2024-11-04","burnaby","false",""
"VL046-CA","VELA","2024-09-15","2025-01-24","burnaby","false",""
"VL047-CA","VELA","2024-11-18","2025-02-26","burnaby","false",""
"VL048-CA","VELA","2025-03-12","2025-06-19","burnaby","false",""
"VL049","VELA","2025-05-16","2025-08-01","burnaby","false",""
"VL049-2","VELA","2025-05-17","2025-09-03","burnaby","false",""
"XF014","Xiangfei Metal","2024-07-09","2024-10-08","burnaby","false",""
"XF015","Xiangfei Metal","2024-11-15","2025-02-10","burnaby","false",""
"YWF067-CA","Yunda","2024-10-10","2025-01-27","burnaby","false",""
"YWF068-CA","Yunda","2025-03-10","2025-05-02","burnaby","false",""
"YWF068-US","Yunda","2025-04-11","2025-06-03","burnaby","false",""
"YWF070","Yunda","2025-06-11","2025-09-02","burnaby","false",""